Temperature [degC],Current [A],SoC,Voltage [V],Local ECM resistance [Ohm],Time [h],Cell temperature [degC]
15.0,-4.0,0.0,3.184431035984257,-0.04610775899606379,0.0,15.0
15.0,-4.0,0.013333333333333334,3.5611826887599496,-0.07267065959544873,0.016666666666666666,15.233319539653905
15.0,-4.0,0.02666666666666667,3.6024477126324745,-0.05192875598276815,0.03333333333333333,15.431332026562018
15.0,-4.0,0.04000000000000001,3.6169655932941094,-0.04088937225929646,0.05,15.608198973049184
15.0,-4.0,0.05333333333333334,3.623564794302505,-0.035249994656150314,0.06666666666666667,15.768155741064675
15.0,-4.0,0.06666666666666667,3.62722861129654,-0.03222670330043421,0.08333333333333333,15.913670562119307
15.0,-4.0,0.08000000000000002,3.6297590500162,-0.030462122613340255,0.1,16.046492015724652
15.0,-4.0,0.09333333333333335,3.6320843436590464,-0.029367571501000007,0.11666666666666667,16.167974455401918
15.0,-4.0,0.10666666666666666,3.6352340060641164,-0.028801142671962328,0.13333333333333333,16.27923913291454
15.0,-4.0,0.12,3.640983336585666,-0.02892740233812919,0.15,16.381241414027443
15.0,-4.0,0.13333333333333333,3.650271845856605,-0.029576253047055696,0.16666666666666666,16.474425335746275
15.0,-4.0,0.14666666666666667,3.6601725219552104,-0.02949081252293296,0.18333333333333332,16.560326423684216
15.0,-4.0,0.16000000000000003,3.6697853269213114,-0.02879598527904282,0.2,16.639220777849687
15.0,-4.0,0.17333333333333337,3.679999755805457,-0.028446877844191316,0.21666666666666667,16.711658701441536
15.0,-4.0,0.1866666666666667,3.6881099677340696,-0.027434762776272,0.23333333333333334,16.77821060171476
15.0,-4.0,0.20000000000000004,3.695045960323296,-0.02650073494856154,0.25,16.839317210248907
15.0,-4.0,0.21333333333333335,3.704549414513455,-0.02677959378901363,0.26666666666666666,16.895424958217177
15.0,-4.0,0.22666666666666668,3.713514508563681,-0.026430340631734224,0.2833333333333333,16.946919311511977
15.0,-4.0,0.24000000000000002,3.7192724175660072,-0.025143772108957026,0.3,16.99416565658828
15.0,-4.0,0.25333333333333335,3.7240252619361622,-0.02449992549120939,0.31666666666666665,17.037228662641837
15.0,-4.0,0.26666666666666666,3.7283678320463305,-0.024119825930185586,0.3333333333333333,17.076962994317114
15.0,-4.0,0.27999999999999997,3.7321487401333955,-0.023726319722408136,0.35,17.113418016598757
15.0,-4.0,0.2933333333333333,3.735606027920653,-0.023419530958281868,0.36666666666666664,17.146846465395413
15.0,-4.0,0.30666666666666664,3.7390367341090505,-0.023216084100424753,0.38333333333333336,17.17749069511683
15.0,-4.0,0.32000000000000006,3.7426045200357247,-0.023074943897950843,0.4,17.20558764650798
15.0,-4.0,0.33333333333333337,3.746381769224004,-0.022968349748687337,0.4166666666666667,17.231360293976877
15.0,-4.0,0.3466666666666667,3.7504010909095,-0.022884167203207188,0.43333333333333335,17.254974054962815
15.0,-4.0,0.36,3.7546796970189207,-0.022817475007064107,0.45,17.27653248828318
15.0,-4.0,0.3733333333333333,3.759228981530285,-0.022766138055911437,0.4666666666666667,17.296020934007117
15.0,-4.0,0.3866666666666666,3.764056342418359,-0.022728684848078332,0.48333333333333334,17.31401443063163
15.0,-4.0,0.3999999999999999,3.769168914988621,-0.022704318766322843,0.5,17.330546436302654
15.0,-4.0,0.4133333333333333,3.7745726845207757,-0.022692372909198125,0.5166666666666667,17.345709516182694
15.0,-4.0,0.42666666666666664,3.780272648482541,-0.02269222991807474,0.5333333333333333,17.359678895165814
15.0,-4.0,0.44,3.7862735009309514,-0.022703441605493205,0.55,17.37242569868863
15.0,-4.0,0.4533333333333333,3.792578804016476,-0.022725489838215877,0.5666666666666667,17.38419624290043
15.0,-4.0,0.4666666666666667,3.7991923808412373,-0.0227580993320794,0.5833333333333334,17.394915131511425
15.0,-4.0,0.48,3.806117759454384,-0.02280102947004459,0.6,17.404756982359174
15.0,-4.0,0.49333333333333335,3.813360720359969,-0.02285453643813296,0.6166666666666667,17.413659748817793
15.0,-4.0,0.5066666666666666,3.8209318759705453,-0.02291954413277109,0.6333333333333333,17.421990418729195
15.0,-4.0,0.52,3.8288610695033074,-0.0229998589255388,0.65,17.42975046462692
15.0,-4.0,0.5333333333333332,3.837230299251591,-0.023106447802980216,0.6666666666666666,17.43702873255438
15.0,-4.0,0.5466666666666666,3.846264951870899,-0.02326910679047334,0.6833333333333333,17.443825724541227
15.0,-4.0,0.5599999999999999,3.856534004552937,-0.02355740388018302,0.7,17.45022662974094
15.0,-4.0,0.5733333333333334,3.869147592007257,-0.02407084707735408,0.7166666666666667,17.456298662055133
15.0,-4.0,0.5866666666666667,3.884964971374913,-0.02471595086135637,0.7333333333333333,17.46209506719248
15.0,-4.0,0.6000000000000001,3.902182635849913,-0.024940882323453935,0.75,17.46767675298247
15.0,-4.0,0.6133333333333335,3.9175182929507257,-0.024595554744842103,0.7666666666666667,17.47308781496298
15.0,-4.0,0.6266666666666668,3.9304380139766097,-0.02425888948914013,0.7833333333333333,17.47838691337131
15.0,-4.0,0.6400000000000001,3.9421307505233587,-0.024165039746252844,0.8,17.483637701757118
15.0,-4.0,0.6533333333333334,3.9534972933962846,-0.024228155594238528,0.8166666666666667,17.488895024362023
15.0,-4.0,0.6666666666666669,3.96494094660701,-0.024362340551754798,0.8333333333333334,17.494207295772526
15.0,-4.0,0.6800000000000002,3.976614133264623,-0.024528763967173857,0.85,17.4996234825972
15.0,-4.0,0.6933333333333336,3.98857156558362,-0.024713248906501513,0.8666666666666667,17.505192287821785
15.0,-4.0,0.7066666666666669,4.000833141019956,-0.024911211356920544,0.8833333333333333,17.510962578207454
15.0,-4.0,0.7200000000000003,4.013406973691893,-0.025121528396723332,0.9,17.516987919570738
15.0,-4.0,0.7333333333333336,4.026297665772074,-0.025344365174912238,0.9166666666666666,17.52338319187652
15.0,-4.0,0.7466666666666667,4.03950880227992,-0.025580337947618166,0.9333333333333333,17.530092182986493
15.0,-4.0,0.76,4.053044928451167,-0.025830475174158492,0.95,17.537194398066845
15.0,-4.0,0.7733333333333334,4.066911318882046,-0.026095984369400867,0.9666666666666667,17.544756358864674
15.0,-4.0,0.7866666666666667,4.081114512137748,-0.026378313441608355,0.9833333333333333,17.552843066013395
15.0,-4.0,0.8000000000000002,4.095662636970304,-0.026679198869463135,1.0,17.561534138301795
15.0,-4.0,0.8133333333333335,4.110565786113073,-0.027000739034572126,1.0166666666666666,17.570923279584292
15.0,-4.0,0.8266666666666669,4.1258367010641965,-0.027345549913491148,1.0333333333333334,17.581023283560512
15.0,-4.0,0.8400000000000002,4.141491099149126,-0.027716832153113165,1.05,17.591945950501838
15.0,-4.0,0.8533333333333333,4.157548495814737,-0.028118557669231332,1.0666666666666667,17.604028342339916
15.0,-4.0,0.8666666666666666,4.174034204563308,-0.028555973405038466,1.0833333333333333,17.617078222617863
15.0,-4.0,0.88,4.190981301199255,-0.029036054159230724,1.1,17.63133721177593
15.0,-4.0,0.8869331610088705,4.199989993207488,-0.029305579599141048,1.1086664512610882,17.63927368191696
15.0,-4.0,0.8869331610090928,4.1999999995165656,-0.029303503519241096,1.108666451261366,17.63927368191696
15.0,-4.0,0.8990074640701682,4.19999999647307,-0.03186073035111696,1.1253331179277548,17.631191183705596
15.0,-4.0,0.908955434554675,4.199999970592476,-0.03364541696795324,1.1419997845944216,17.591047269826618
15.0,-4.0,0.9173711143512181,4.200000014568914,-0.035126250459931375,1.1586664512610882,17.53124636958148
15.0,-4.0,0.9245848351191628,4.199999960588448,-0.03641172610117694,1.1753331179277549,17.45888368925813
15.0,-4.0,0.9308251577655261,4.20000013486384,-0.03754804969151303,1.1919997845944217,17.378606727959493
15.0,-4.0,0.9362618741724463,4.200000013355999,-0.03856064344401329,1.2086664512610883,17.29363220490842
15.0,-4.0,0.9410259557780628,4.199999936070864,-0.03946658242744572,1.225333117927755,17.206212138092496
15.0,-4.0,0.9452209135933681,4.200000049869235,-0.04027927975285698,1.2419997845944217,17.117970317606137
15.0,-4.0,0.9489299743043125,4.200000025435691,-0.0410102034331119,1.2586664512610883,17.03006096681105
15.0,-4.0,0.952220995193955,4.199999998169241,-0.04166916487140098,1.275333117927755,16.94333070375535
15.0,-4.0,0.9551499467565517,4.199999968654657,-0.042264793325232516,1.2919997845944216,16.858387253342073
15.0,-4.0,0.9577634618556718,4.20000000200035,-0.04280485423686378,1.3086664512610884,16.77563718910909
15.0,-4.0,0.9601008198710501,4.200000059231343,-0.04329568646712711,1.325333117927755,16.695369172969606
15.0,-4.0,0.9621953539925553,4.199999723884993,-0.04374314048199562,1.3419997845944216,16.617781489158915
15.0,-4.0,0.964075578413996,4.200000112157663,-0.04415175572930971,1.3586664512610882,16.542978592863903
15.0,-4.0,0.9657660499897791,4.1999998516045896,-0.04452620574411595,1.375333117927755,16.471022616164078
15.0,-4.0,0.9672879931349022,4.199999855865619,-0.04486982457761232,1.3919997845944216,16.4019307114512
15.0,-4.0,0.9686599101905251,4.200000115118795,-0.04518578969372017,1.4086664512610882,16.33568660920031
15.0,-4.0,0.9698979514575817,4.200000000105237,-0.04547706371407367,1.4253331179277549,16.272250272826057
15.0,-4.0,0.9710162698578096,4.199999996695746,-0.045745909303829435,1.4419997845944217,16.211564023573317
15.0,-4.0,0.9720273376944113,4.199999997608321,-0.045994460491042825,1.4586664512610883,16.153558590907323
15.0,-4.0,0.9729421999851184,4.200000019810896,-0.0462245079470281,1.475333117927755,16.098158865904452
15.0,-4.0,0.9733053492175404,4.200000000461008,-0.04631724600147205,1.482441740758963,16.075334635850254
15.0,4.0,0.9733053492174362,4.077327412139017,0.027772740239830902,1.482441740759241,16.075334635850254
15.0,4.0,0.9599720158843251,4.04605660341881,0.031269514509275405,1.4991084074256298,16.187421920952147
15.0,4.0,0.9466386825509918,4.028997056476831,0.03130262658802919,1.5157750740922964,16.287624154227274
15.0,4.0,0.9333053492176585,4.013966737016045,0.03091414806919391,1.532441740758963,16.378893355433263
15.0,4.0,0.9199720158843252,3.9997517703351413,0.030404582800529496,1.5491084074256296,16.46246856891264
15.0,4.0,0.9066386825509918,3.985937827022476,0.029874917986664203,1.5657750740922964,16.539205921279972
15.0,4.0,0.8933053492176585,3.9723636657882606,0.02936318500341107,1.582441740758963,16.60978462950004
15.0,4.0,0.8799720158843252,3.958972492999559,0.028881585190355115,1.5991084074256297,16.674776275676265
15.0,4.0,0.8666386825509919,3.9457477433995183,0.02843251936331049,1.6157750740922963,16.734677257387887
15.0,4.0,0.8533053492176584,3.9326890505798433,0.028014574693230772,1.632441740758963,16.789926209705698
15.0,4.0,0.8399720158843251,3.9198012256260615,0.02762526231707941,1.6491084074256297,16.840915136099454
15.0,4.0,0.8266386825509918,3.9070881096548677,0.0272625381599857,1.6657750740922963,16.88719133208872
15.0,4.0,0.8133053492176585,3.8945605885338623,0.026922784257441885,1.6824417407589631,16.930495381636547
15.0,4.0,0.7999720158843252,3.8822231096622493,0.02660416518464504,1.6991084074256297,16.970720953871307
15.0,4.0,0.7866386825509919,3.870080563370199,0.02630489359708677,1.7157750740922963,17.007989102850445
15.0,4.0,0.7733053492176586,3.8581377126798033,0.0260233584328149,1.732441740758963,17.042517180660695
15.0,4.0,0.7599720158843252,3.84639930854515,0.025758080344466146,1.7491084074256298,17.074641012567554
15.0,4.0,0.7466386825509919,3.8348686349629,0.025508055107286494,1.7657750740922964,17.104282887357613
15.0,4.0,0.7333053492176586,3.823550030260135,0.02527208932241288,1.782441740758963,17.131895789638577
15.0,4.0,0.7199720158843252,3.812445147578198,0.02504966107575158,1.7991084074256296,17.157315803082156
15.0,4.0,0.7066386825509918,3.80155345943712,0.024840601523757784,1.8157750740922964,17.18044991637538
15.0,4.0,0.6933053492176585,3.790870587269354,0.024644974803286875,1.832441740758963,17.202189370916017
15.0,4.0,0.6799720158843252,3.780369445564646,0.024466247985180052,1.8491084074256297,17.222492538306994
15.0,4.0,0.6666386825509919,3.7699669659489072,0.024315172160025995,1.8657750740922963,17.241463614335828
15.0,4.0,0.6533053492176585,3.7594236243081953,0.024222454738888295,1.882441740758963,17.25918191408465
15.0,4.0,0.6399720158843252,3.7481219000038264,0.024262074263929352,1.8991084074256297,17.275757052496772
15.0,4.0,0.6266386825509919,3.734868580884762,0.02453879479296029,1.9157750740922963,17.291257588012797
15.0,4.0,0.6133053492176584,3.7188838388214394,0.024934295938863767,1.9324417407589631,17.305736686627654
15.0,4.0,0.5999720158843251,3.702371445345819,0.024863339706904804,1.9491084074256297,17.319345221155913
15.0,4.0,0.5866386825509918,3.688616766214058,0.02424659016643583,1.9657750740922963,17.33207413620937
15.0,4.0,0.5733053492176585,3.677804348844344,0.02367625676299357,1.982441740758963,17.344207876828307
15.0,4.0,0.5599720158843251,3.668651152457638,0.023346029354988532,1.9991084074256298,17.355769640431674
15.0,4.0,0.5466386825509918,3.6603036414478893,0.023163687173413553,2.0157750740922964,17.366817284554713
15.0,4.0,0.5333053492176585,3.6524007398842633,0.023047883241718695,2.032441740758963,17.377422471556883
15.0,4.0,0.5199720158843252,3.644810089254954,0.02296231416954864,2.0491084074256296,17.387679638996246
15.0,4.0,0.5066386825509919,3.637484470849894,0.022893519150237632,2.065775074092296,17.397630626371154
15.0,4.0,0.49330534921765873,3.6304058908408585,0.022836926358856705,2.082441740758963,17.40726196393831
15.0,4.0,0.47997201588432503,3.6235661880526298,0.022791082536999577,2.09910840742563,17.41668047500383
15.0,4.0,0.4666386825509917,3.616959593244268,0.022755751069027833,2.1157750740922965,17.425903733025848
15.0,4.0,0.4533053492176584,3.6105811554182874,0.022730998209057333,2.132441740758963,17.435064128788497
15.0,4.0,0.4399720158843251,3.604424925155026,0.022717190962851633,2.1491084074256297,17.444199573485093
15.0,4.0,0.4266386825509918,3.598484283536268,0.022714750074691818,2.1657750740922963,17.453381068377837
15.0,4.0,0.4133053492176585,3.5927515373944745,0.022724185122221078,2.182441740758963,17.462651040664127
15.0,4.0,0.3999720158843252,3.587217922587554,0.02274605863884605,2.1991084074256295,17.47209466525925
15.0,4.0,0.38663868255099165,3.581872976359921,0.02278111079257628,2.2157750740922966,17.481663211715556
15.0,4.0,0.37330534921765834,3.576704743102052,0.02283015393298316,2.232441740758963,17.49149487321415
15.0,4.0,0.35997201588432504,3.5716976084638654,0.022894485994677697,2.24910840742563,17.501562372483534
15.0,4.0,0.34663868255099173,3.5668290154966615,0.022976363673771986,2.2657750740922964,17.5119915400669
15.0,4.0,0.3333053492176584,3.562057972442077,0.02308089167279315,2.282441740758963,17.522795318147644
15.0,4.0,0.3199720158843251,3.5572950956585188,0.023220748351497792,2.2991084074256296,17.534026023247236
15.0,4.0,0.3066386825509918,3.5523389373902328,0.023424844467732856,2.315775074092296,17.545777993492663
15.0,4.0,0.2933053492176585,3.5468356800355854,0.023733343960364868,2.332441740758963,17.558106302863223
15.0,4.0,0.27997201588432497,3.5405670351993437,0.024117010633612497,2.34910840742563,17.57107917696868
15.0,4.0,0.26663868255099166,3.5336866241364766,0.024485971154500026,2.3657750740922965,17.584780885969963
15.0,4.0,0.25330534921765835,3.524896082409242,0.02520530234366481,2.382441740758963,17.599283844005924
15.0,4.0,0.23997201588432504,3.5124232586411313,0.026436304235709647,2.3991084074256297,17.614639110832286
15.0,4.0,0.22663868255099173,3.5012910665040513,0.02644315939643583,2.4157750740922963,17.63109441185776
15.0,4.0,0.21330534921765842,3.4913400261669487,0.02639618011056844,2.432441740758963,17.648552454022536
15.0,4.0,0.19997201588432512,3.4784837469645224,0.02750053302771683,2.4491084074256295,17.667198867068862
15.0,4.0,0.18663868255099147,3.4647515805020754,0.02820494151845577,2.4657750740922966,17.68725008654218
15.0,4.0,0.1733053492176584,3.4510898339626475,0.028587669824487023,2.482441740758963,17.7088286682461
15.0,4.0,0.15997201588432508,3.4368058905794587,0.02924555940435237,2.49910840742563,17.7321225863663
15.0,4.0,0.14663868255099177,3.4255965182372385,0.02895072760924134,2.5157750740922964,17.757427086779387
15.0,4.0,0.13330534921765846,3.4172692794612387,0.028551820566088966,2.532441740758963,17.784981158114306
15.0,4.0,0.11997201588432516,3.409444950759099,0.028888193830781235,2.5491084074256296,17.814998396259057
15.0,4.0,0.10663868255099185,3.4005914676659255,0.029801442466411816,2.565775074092296,17.84828981078033
15.0,4.0,0.09330534921765854,3.3892742881580467,0.03126272960406818,2.582441740758963,17.884978372399416
15.0,4.0,0.0799720158843249,3.3729355535950494,0.03363032873592165,2.59910840742563,17.92617391229328
15.0,4.0,0.06663868255099181,3.3460182985479916,0.03786895002732272,2.6157750740922965,17.97370674283161
15.0,4.0,0.053305349217658504,3.295942647771379,0.04623887015950579,2.632441740758963,18.029248775035114
15.0,4.0,0.039972015884325196,3.193769639062923,0.0640194098725725,2.6491084074256297,18.095331521848323
15.0,4.0,0.027860665480217484,3.0000108661469955,0.09869081611572164,2.6642475954307643,18.16964090043888
25.0,-4.0,0.0,3.1630896858133672,-0.040772421453341375,0.0,25.0
25.0,-4.0,0.013333333333333334,3.5046693678622347,-0.058541744547325206,0.016666666666666666,25.20708973318557
25.0,-4.0,0.02666666666666667,3.5644396157799374,-0.0424257274172798,0.03333333333333333,25.38087945202892
25.0,-4.0,0.04000000000000001,3.589152085361925,-0.033935283557757885,0.05,25.53418743644272
25.0,-4.0,0.05333333333333334,3.6007402286625694,-0.029543477347296017,0.06666666666666667,25.671182151936137
25.0,-4.0,0.06666666666666667,3.606680247502431,-0.02708943739555115,0.08333333333333333,25.794407575163177
25.0,-4.0,0.08000000000000002,3.6101471316916425,-0.025559068252366875,0.1,25.905697836019783
25.0,-4.0,0.09333333333333335,3.612635871625673,-0.024505424588116005,0.11666666666666667,26.006492890998288
25.0,-4.0,0.10666666666666666,3.6150899849982427,-0.023765123304748566,0.13333333333333333,26.09796680518133
25.0,-4.0,0.12,3.618761152177154,-0.023371821722775302,0.15,26.181102485162796
25.0,-4.0,0.13333333333333333,3.6256689878809727,-0.02342540261313875,0.16666666666666666,26.256369558566632
25.0,-4.0,0.14666666666666667,3.6358094337028213,-0.023399722446971086,0.18333333333333332,26.325255568171144
25.0,-4.0,0.16000000000000003,3.6457598628909085,-0.022789250907043538,0.2,26.388027168917688
25.0,-4.0,0.17333333333333337,3.655975986020376,-0.022440521200458922,0.21666666666666667,26.445215392249054
25.0,-4.0,0.1866666666666667,3.6660466131426865,-0.02191842782532605,0.23333333333333334,26.49731818991006
25.0,-4.0,0.20000000000000004,3.6735251055636593,-0.02112017592003013,0.25,26.54476688333432
25.0,-4.0,0.21333333333333335,3.68145834933595,-0.021006461380601475,0.26666666666666666,26.587979241531343
25.0,-4.0,0.22666666666666668,3.6917789753205663,-0.020995765327644137,0.2833333333333333,26.627324668241897
25.0,-4.0,0.24000000000000002,3.699457622028374,-0.0201895852423617,0.3,26.66313304026221
25.0,-4.0,0.25333333333333335,3.704744567690128,-0.01967953265683731,0.31666666666666665,26.695528902818523
25.0,-4.0,0.26666666666666666,3.7095100978787494,-0.01940523821636653,0.3333333333333333,26.725145639960147
25.0,-4.0,0.27999999999999997,3.713747267080071,-0.01912588261559889,0.35,26.75206534701789
25.0,-4.0,0.2933333333333333,3.717480581659544,-0.018888201595518742,0.36666666666666664,26.776503574858054
25.0,-4.0,0.30666666666666664,3.721038149412807,-0.01871653640818405,0.38333333333333336,26.798675870552415
25.0,-4.0,0.32000000000000006,3.7246612919289026,-0.018589274495027345,0.4,26.818784020727264
25.0,-4.0,0.33333333333333337,3.7284632043381243,-0.018488874481278898,0.4166666666666667,26.837061460271116
25.0,-4.0,0.3466666666666667,3.732492600561769,-0.018407236383858775,0.43333333333333335,26.853579470261423
25.0,-4.0,0.36,3.7367722857623544,-0.018340840591151267,0.45,26.868492873436878
25.0,-4.0,0.3733333333333333,3.7413156989851717,-0.01828806464454547,0.4666666666666667,26.881702140934237
25.0,-4.0,0.3866666666666666,3.746131185168406,-0.018247674262450223,0.48333333333333334,26.893751270525797
25.0,-4.0,0.3999999999999999,3.7512261689251645,-0.018218945468165607,0.5,26.904641485358923
25.0,-4.0,0.4133333333333333,3.7566067442192423,-0.0182012387835524,0.5166666666666667,26.914461774825213
25.0,-4.0,0.42666666666666664,3.7622779562500286,-0.018193948909574712,0.5333333333333333,26.92341472718323
25.0,-4.0,0.44,3.7682445080342317,-0.018196630053082367,0.55,26.93143986690245
25.0,-4.0,0.4533333333333333,3.7745102022442882,-0.01820882440638705,0.5666666666666667,26.938656275741835
25.0,-4.0,0.4666666666666667,3.78107834875098,-0.018230128356355627,0.5833333333333334,26.94519890943303
25.0,-4.0,0.48,3.7879524978013737,-0.018260307015399494,0.6,26.950982279220398
25.0,-4.0,0.49333333333333335,3.7951371611779443,-0.018299298613341567,0.6166666666666667,26.955992803757056
25.0,-4.0,0.5066666666666666,3.8026400809344585,-0.018347307529338,0.6333333333333333,26.960509594328585
25.0,-4.0,0.52,3.8104814581964415,-0.018405730515524858,0.65,26.964691845519894
25.0,-4.0,0.5333333333333332,3.818717709994136,-0.018479132130349355,0.6666666666666666,26.968542946003424
25.0,-4.0,0.5466666666666666,3.827506913766499,-0.01858046140524106,0.6833333333333333,26.97211829289239
25.0,-4.0,0.5599999999999999,3.837267585470904,-0.018741621087433494,0.7,26.97540997675162
25.0,-4.0,0.5733333333333334,3.848930439138498,-0.019017159499669093,0.7166666666666667,26.97847451199783
25.0,-4.0,0.5866666666666667,3.8636856061545175,-0.019396248036277045,0.7333333333333333,26.981366841342492
25.0,-4.0,0.6000000000000001,3.880868130111689,-0.019612073165629188,0.75,26.98413040088718
25.0,-4.0,0.6133333333333335,3.8971111541977606,-0.019493949426307004,0.7666666666666667,26.98679820049591
25.0,-4.0,0.6266666666666668,3.910745067894576,-0.019336499702590885,0.7833333333333333,26.989416461246947
25.0,-4.0,0.6400000000000001,3.9227077211572845,-0.01931061581525995,0.8,26.99203549725314
25.0,-4.0,0.6533333333333334,3.934096656699916,-0.019379617907406946,0.8166666666666667,26.994696399805832
25.0,-4.0,0.6666666666666669,3.945459275232688,-0.01949373462750448,0.8333333333333334,26.99743686940502
25.0,-4.0,0.6800000000000002,3.9570090106774582,-0.019629449326458496,0.85,27.000294171542123
25.0,-4.0,0.6933333333333336,3.9688224856905987,-0.0197780889655983,0.8666666666666667,27.003305067432336
25.0,-4.0,0.7066666666666669,3.9809267273743068,-0.01993686213559776,0.8833333333333333,27.00651267756365
25.0,-4.0,0.7200000000000003,3.9933317204876944,-0.020105117489068184,0.9,27.0099517841291
25.0,-4.0,0.7333333333333336,4.006042059876868,-0.02028302001868954,0.9166666666666666,27.013711985451835
25.0,-4.0,0.7466666666666667,4.019060465155784,-0.020470970040591955,0.9333333333333333,27.017736294837903
25.0,-4.0,0.76,4.0323902329938415,-0.02066968446892659,0.95,27.022086304146853
25.0,-4.0,0.7733333333333334,4.046035057926757,-0.020879976173844742,0.9666666666666667,27.026811388544047
25.0,-4.0,0.7866666666666667,4.059999539933394,-0.02110280873001114,0.9833333333333333,27.031958309558206
25.0,-4.0,0.8000000000000002,4.074289453461702,-0.021339330372744162,1.0,27.03757843434687
25.0,-4.0,0.8133333333333335,4.088911961796952,-0.02159090745875725,1.0166666666666666,27.043751676699003
25.0,-4.0,0.8266666666666669,4.103876026946355,-0.02185921141105252,1.0333333333333334,27.05050628054289
25.0,-4.0,0.8400000000000002,4.119192774657301,-0.02214629555729686,1.05,27.0578560258233
25.0,-4.0,0.8533333333333333,4.134875908662439,-0.022454679441059836,1.0666666666666667,27.066077519960913
25.0,-4.0,0.8666666666666666,4.150942476481614,-0.022787543723520546,1.0833333333333333,27.074999232380037
25.0,-4.0,0.88,4.167414764237046,-0.02314916654903976,1.1,27.084785479330662
25.0,-4.0,0.8933333333333333,4.184321531831598,-0.023545226970327356,1.1166666666666667,27.09558478052304
25.0,-4.0,0.905370554092665,4.199989993771771,-0.02393891523307868,1.1317131926158313,27.106427984876802
25.0,-4.0,0.9053705540928872,4.199999999478218,-0.023937067138919528,1.131713192616109,27.106427984876802
25.0,-4.0,0.9172765680996736,4.200000038566759,-0.02600757985321245,1.1483798592824979,27.096742143922768
25.0,-4.0,0.9268026121174325,4.19999995087985,-0.02731137152269384,1.1650465259491645,27.0584402594979
25.0,-4.0,0.934660367919268,4.200000055628812,-0.028322314069273876,1.1817131926158313,27.00365430017547
25.0,-4.0,0.9412339438493529,4.199999995225813,-0.02915213980712354,1.198379859282498,26.93899294196291
25.0,-4.0,0.946784429850301,4.200000147718576,-0.02985032156710086,1.2150465259491645,26.86864431892826
25.0,-4.0,0.9515031930286065,4.199999946298147,-0.03044524963977105,1.2317131926158311,26.79537529331128
25.0,-4.0,0.9555362839326245,4.199999993158553,-0.030956141503308787,1.248379859282498,26.721061461248212
25.0,-4.0,0.9589980864857045,4.199999968788391,-0.03139776850025692,1.2650465259491646,26.64698292448611
25.0,-4.0,0.9619798717079822,4.200000017595089,-0.03178171319946934,1.2817131926158312,26.574011217827092
25.0,-4.0,0.9645555883918554,4.199999997831936,-0.03211743730085261,1.2983798592824978,26.502730827926257
25.0,-4.0,0.9667858580484752,4.199999999142166,-0.032412530346402804,1.3150465259491646,26.43353487493954
25.0,-4.0,0.9687209255031759,4.200000008458666,-0.03267319976230359,1.3317131926158312,26.366665541969837
25.0,-4.0,0.9704027955884453,4.200000027468993,-0.0329045009602534,1.3483798592824978,26.302269791959986
25.0,-4.0,0.9718667639022786,4.200000007817135,-0.03311060803357888,1.3650465259491644,26.240424690310533
25.0,-4.0,0.9731426816267202,4.200000010563471,-0.03329500168169003,1.3817131926158313,26.181150075757614
25.0,-4.0,0.97425593700476,4.200000001650515,-0.03346056816290157,1.3983798592824979,26.124430296714195
25.0,-4.0,0.975228201524314,4.200000005903259,-0.033609702569941155,1.4150465259491645,26.070223658653276
25.0,-4.0,0.9757745373749745,4.199999999395023,-0.033695854583083926,1.4255111378131573,26.037454651867904
25.0,4.0,0.9757745373748703,4.106720213213155,0.021213534435841955,1.4255111378134353,26.037454651867904
25.0,4.0,0.9624412040417594,4.074656089865928,0.024892342984681022,1.442177804479824,26.11392955480858
25.0,4.0,0.949107870708426,4.057246135832357,0.024997440633941277,1.4588444711464907,26.18249231200531
25.0,4.0,0.9357745373750926,4.041798228941626,0.02469831626166586,1.4755111378131573,26.244913036618243
25.0,4.0,0.9224412040417593,4.027103123681626,0.02429424130573011,1.492177804479824,26.301988193572413
25.0,4.0,0.9091078707084259,4.012780786264055,0.02387756733580449,1.5088444711464908,26.354291930931424
25.0,4.0,0.8957745373750926,3.998703741209011,0.02347783031206386,1.5255111378131574,26.402289792305794
25.0,4.0,0.8824412040417593,3.9848336850107056,0.023102560412756715,1.542177804479824,26.446378472328036
25.0,4.0,0.869107870708426,3.971159921921446,0.022752646555719073,1.5588444711464906,26.48690573457361
25.0,4.0,0.8557745373750926,3.957682480682573,0.022426536031519454,1.5755111378131574,26.524180651525228
25.0,4.0,0.8424412040417593,3.9444059510828136,0.022121757232589027,1.592177804479824,26.558479568769144
25.0,4.0,0.829107870708426,3.9313327465201025,0.02183658772168962,1.6088444711464907,26.589515649024634
25.0,4.0,0.8157745373750926,3.9184685119045635,0.02156868710565585,1.6255111378131573,26.618470446071
25.0,4.0,0.8024412040417592,3.905815719319556,0.021316683660606354,1.642177804479824,26.6452759028042
25.0,4.0,0.7891078707084259,3.893377363576468,0.021079236318144127,1.6588444711464907,26.670081730948823
25.0,4.0,0.7757745373750926,3.8811562755879803,0.02085519207058251,1.6755111378131573,26.69303791428422
25.0,4.0,0.7624412040417594,3.869154918797158,0.02064362151480326,1.692177804479824,26.714170621497487
25.0,4.0,0.749107870708426,3.85737629261361,0.020443573942362517,1.7088444711464907,26.73377343533059
25.0,4.0,0.7357745373750927,3.845822310674926,0.02025445254608316,1.7255111378131573,26.751744508346462
25.0,4.0,0.7224412040417594,3.834495250431128,0.020075588815736126,1.742177804479824,26.76832196503682
25.0,4.0,0.709107870708426,3.823395049861056,0.019906758373455572,1.7588444711464908,26.78333082577285
25.0,4.0,0.6957745373750926,3.8125198602991897,0.01974759948974481,1.7755111378131574,26.797405589914888
25.0,4.0,0.6824412040417593,3.8018546344132034,0.019599196659325527,1.792177804479824,26.81052156034781
25.0,4.0,0.669107870708426,3.791351932039242,0.019465225806322376,1.8088444711464906,26.822747488786433
25.0,4.0,0.6557745373750925,3.7808714497218707,0.019356751978179768,1.8255111378131574,26.834189986919114
25.0,4.0,0.6424412040417592,3.7700283172514224,0.019302923961842414,1.842177804479824,26.844809378506284
25.0,4.0,0.6291078707084259,3.7579313725756243,0.019359121247058412,1.8588444711464907,26.85472360100067
25.0,4.0,0.6157745373750926,3.7433266140982604,0.019535808186735507,1.8755111378131573,26.86401302422621
25.0,4.0,0.6024412040417592,3.7266207230225117,0.019589969797628063,1.892177804479824,26.872747872243792
25.0,4.0,0.5891078707084259,3.7111765291101895,0.019298257352351026,1.9088444711464907,26.880959648153464
25.0,4.0,0.5757745373750925,3.69894974428569,0.018929388326773714,1.9255111378131573,26.88879683810444
25.0,4.0,0.5624412040417592,3.6890638892977394,0.01868676152978555,1.942177804479824,26.896286877795887
25.0,4.0,0.549107870708426,3.680363722894889,0.01854531294569151,1.9588444711464907,26.903481862750255
25.0,4.0,0.5357745373750927,3.6722641936801743,0.01845333262711724,1.9755111378131573,26.91043241213515
25.0,4.0,0.5224412040417594,3.6645372089399437,0.018384781555882305,1.992177804479824,26.91721131082278
25.0,4.0,0.5091078707084261,3.6571004107413487,0.0183296698806964,2.0088444711464906,26.92382476433039
25.0,4.0,0.4957745373750928,3.649923836035737,0.01828453807445052,2.025511137813157,26.930343651648286
25.0,4.0,0.48244120404175916,3.6429950135315785,0.018248376961520932,2.042177804479824,26.93676462741638
25.0,4.0,0.46910787070842586,3.6363070796863153,0.01822102587661634,2.058844471146491,26.943162414280494
25.0,4.0,0.45577453737509255,3.6298546415913777,0.018202615319910524,2.0755111378131574,26.949591984998335
25.0,4.0,0.4424412040417593,3.6236318929073748,0.018193483716883455,2.092177804479824,26.956090611295053
25.0,4.0,0.42910787070842593,3.6176324680249636,0.018194015629252384,2.1088444711464907,26.96271947686455
25.0,4.0,0.4157745373750926,3.6118490040273663,0.018204673987637036,2.1255111378131573,26.96949744528348
25.0,4.0,0.4024412040417593,3.6062732389088037,0.018225937399416806,2.142177804479824,26.97654210948599
25.0,4.0,0.389107870708426,3.6008954559871613,0.018258407936518232,2.1588444711464905,26.983850394472483
25.0,4.0,0.37577453737509237,3.595704340660171,0.01830279969293003,2.1755111378131575,26.991381915860813
25.0,4.0,0.36244120404175906,3.5906864010010615,0.018359976564972905,2.192177804479824,26.999141049389777
25.0,4.0,0.34910787070842575,3.5858241412969623,0.01843112276958803,2.2088444711464907,27.007284057106176
25.0,4.0,0.33577453737509266,3.581089998785899,0.018518452483751283,2.2255111378131573,27.015792833786975
25.0,4.0,0.32244120404175936,3.576430977923538,0.018626776637361012,2.242177804479824,27.02475046315908
25.0,4.0,0.30910787070842605,3.571729109370383,0.018767293701972502,2.2588444711464906,27.03425079626544
25.0,4.0,0.29577453737509274,3.566731928275552,0.01896140526570467,2.275511137813157,27.044266130183473
25.0,4.0,0.28244120404175943,3.561080448401216,0.019220309479215384,2.2921778044798238,27.054875355777597
25.0,4.0,0.2691078707084261,3.554719548563865,0.01948983468621868,2.3088444711464904,27.066151637881433
25.0,4.0,0.2557745373750928,3.5476383887638225,0.019808941465728983,2.325511137813157,27.078164444109575
25.0,4.0,0.2424412040417595,3.5378085054495996,0.02051205160860459,2.3421778044798236,27.09098641859174
25.0,4.0,0.22910787070842642,3.52523655160996,0.02101867286382553,2.35884447114649,27.104834459098925
25.0,4.0,0.21577453737509278,3.5150776818406935,0.020876342645410943,2.3755111378131573,27.119567174136478
25.0,4.0,0.20244120404175947,3.5046715966546595,0.021379871444965007,2.392177804479824,27.135382555987633
25.0,4.0,0.18910787070842616,3.4913446808322655,0.022132776850355865,2.4088444711464905,27.15241079841644
25.0,4.0,0.17577453737509285,3.4779670640460782,0.022429600563405042,2.425511137813157,27.170960860019136
25.0,4.0,0.16244120404175955,3.464156048823088,0.02298228386963697,2.4421778044798237,27.190911270854258
25.0,4.0,0.14910787070842624,3.4504202264245296,0.02332408569755107,2.4588444711464903,27.212770491718004
25.0,4.0,0.13577453737509293,3.440137791684867,0.02322780339741393,2.475511137813157,27.23644356026699
25.0,4.0,0.1224412040417594,3.4321314696783745,0.023480015898494362,2.492177804479824,27.262154889367025
25.0,4.0,0.10910787070842609,3.4242256731846594,0.02413122308908456,2.5088444711464906,27.29069128006597
25.0,4.0,0.09577453737509278,3.415053378385914,0.025090933967309777,2.525511137813157,27.322047618517217
25.0,4.0,0.08244120404175947,3.403135679110706,0.026446848114613848,2.5421778044798238,27.357143667713558
25.0,4.0,0.06910787070842617,3.3856998733568258,0.02851713560370884,2.5588444711464904,27.396841669909293
25.0,4.0,0.05577453737509286,3.356736112553584,0.032046563642532895,2.575511137813157,27.442438761477888
25.0,4.0,0.04244120404175955,3.3027931951114717,0.0387322206505304,2.5921778044798236,27.496075742107962
25.0,4.0,0.029107870708426242,3.1933058667816505,0.05250150266930699,2.60884447114649,27.561937325431245
25.0,4.0,0.017536771959822395,3.0000110031245653,0.07728123702465874,2.623308344582245,27.63372720270371
35.0,-4.0,0.0,3.1466547123932354,-0.0366636780983084,0.0,35.00000000000006
35.0,-4.0,0.013333333333333334,3.4555624872481485,-0.04626478369985277,0.016666666666666666,35.1871013939612
35.0,-4.0,0.02666666666666667,3.531841373588615,-0.034275646337012085,0.03333333333333333,35.34161594578859
35.0,-4.0,0.04000000000000001,3.5659819924906597,-0.02814234398802052,0.05,35.475553905597394
35.0,-4.0,0.05333333333333334,3.581943380919882,-0.024844032316109328,0.06666666666666667,35.59342248873111
35.0,-4.0,0.06666666666666667,3.5898183261044365,-0.02287384563998485,0.08333333333333333,35.6980618768597
35.0,-4.0,0.08000000000000002,3.5941389304803693,-0.021556970405923085,0.1,35.79148508984963
35.0,-4.0,0.09333333333333335,3.596981230495996,-0.02059174716013035,0.11666666666666667,35.87522348521554
35.0,-4.0,0.10666666666666666,3.599443838290546,-0.01985357994056958,0.13333333333333333,35.95049165644252
35.0,-4.0,0.12,3.602600889910237,-0.019331737837827826,0.15,36.01827953370781
35.0,-4.0,0.13333333333333333,3.608319063548179,-0.01908784608945169,0.16666666666666666,36.078875513988976
35.0,-4.0,0.14666666666666667,3.617894323347585,-0.018920772148490642,0.18333333333333332,36.134060172864
35.0,-4.0,0.16000000000000003,3.6283233403531696,-0.018429927663445204,0.2,36.18395660791958
35.0,-4.0,0.17333333333333337,3.638430248643669,-0.01805387802760639,0.21666666666666667,36.229034595383496
35.0,-4.0,0.1866666666666667,3.6491072162689657,-0.017683330268682965,0.23333333333333334,36.269763497930796
35.0,-4.0,0.20000000000000004,3.657473393038951,-0.01710708003327022,0.25,36.30651932984176
35.0,-4.0,0.21333333333333335,3.6649183907134613,-0.016871301519465257,0.26666666666666666,36.33967421189419
35.0,-4.0,0.22666666666666668,3.675101072941906,-0.0168259600476135,0.2833333333333333,36.369572178816384
35.0,-4.0,0.24000000000000002,3.68398434017823,-0.016321036668812464,0.3,36.396518093639315
35.0,-4.0,0.25333333333333335,3.6897682409856074,-0.01593536205212687,0.31666666666666665,36.42065234528798
35.0,-4.0,0.26666666666666666,3.694748165909686,-0.01571470225779437,0.3333333333333333,36.44247295414607
35.0,-4.0,0.27999999999999997,3.699251572333695,-0.01550195408657307,0.35,36.4620778741035
35.0,-4.0,0.2933333333333333,3.703185202873432,-0.0153144085878042,0.36666666666666664,36.4796589787494
35.0,-4.0,0.30666666666666664,3.7068516243353304,-0.015169996013756574,0.38333333333333336,36.49540093321315
35.0,-4.0,0.32000000000000006,3.710532872369436,-0.015057286303002963,0.4,36.509485429055076
35.0,-4.0,0.33333333333333337,3.7143695814355957,-0.014965606385752287,0.4166666666666667,36.5221280713057
35.0,-4.0,0.3466666666666667,3.7184219161282552,-0.014889723275055448,0.43333333333333335,36.53338254561055
35.0,-4.0,0.36,3.722717045432811,-0.014827210111839188,0.45,36.543281027482294
35.0,-4.0,0.3733333333333333,3.727269764916052,-0.014776783976114819,0.4666666666666667,36.55179583876844
35.0,-4.0,0.3866666666666666,3.7320891642519056,-0.014737397564221103,0.48333333333333334,36.559447092990354
35.0,-4.0,0.3999999999999999,3.737182918160197,-0.014708389603535491,0.5,36.56621983604441
35.0,-4.0,0.4133333333333333,3.742557213499882,-0.014689143793259921,0.5166666666666667,36.572251727755145
35.0,-4.0,0.42666666666666664,3.748217436232566,-0.014679140273262118,0.5333333333333333,36.57757643343416
35.0,-4.0,0.44,3.7541683059162896,-0.014677937548634116,0.55,36.58214802985901
35.0,-4.0,0.4533333333333333,3.760413551179024,-0.014685059279226257,0.5666666666666667,36.58621154131413
35.0,-4.0,0.4666666666666667,3.76695671274527,-0.014700159766310675,0.5833333333333334,36.589728446403115
35.0,-4.0,0.48,3.7738011442404256,-0.0147229550116369,0.6,36.59265818522266
35.0,-4.0,0.49333333333333335,3.7809510085271625,-0.014753295415378401,0.6166666666666667,36.594966450278264
35.0,-4.0,0.5066666666666666,3.7884127719743756,-0.014791067789539317,0.6333333333333333,36.59697206268987
35.0,-4.0,0.52,3.796203449681465,-0.014836869879739204,0.65,36.59873729914591
35.0,-4.0,0.5333333333333332,3.8043698789591556,-0.014892868225521386,0.6666666666666666,36.60027617598155
35.0,-4.0,0.5466666666666666,3.8130436977356377,-0.014965392960973548,0.6833333333333333,36.601621703686874
35.0,-4.0,0.5599999999999999,3.8225802862527134,-0.015070537576974189,0.7,36.60279978618331
35.0,-4.0,0.5733333333333334,3.833810046872108,-0.015237721635769755,0.7166666666666667,36.60384322750161
35.0,-4.0,0.5866666666666667,3.8479765283436858,-0.015469440855703679,0.7333333333333333,36.60478502228142
35.0,-4.0,0.6000000000000001,3.864943167441169,-0.015631169130385317,0.75,36.605666727952894
35.0,-4.0,0.6133333333333335,3.8815622483628784,-0.015607277816786395,0.7666666666666667,36.60651543289936
35.0,-4.0,0.6266666666666668,3.8955910861305902,-0.015548924399556689,0.7833333333333333,36.6073657797719
35.0,-4.0,0.6400000000000001,3.907713911683493,-0.015563358989387547,0.8,36.60825725234406
35.0,-4.0,0.6533333333333334,3.919110339422708,-0.01563441358548501,0.8166666666666667,36.60922190037269
35.0,-4.0,0.6666666666666669,3.9304134815556653,-0.015733795039494573,0.8333333333333334,36.61028880293941
35.0,-4.0,0.6800000000000002,3.9418756806234305,-0.01584774389993882,0.85,36.61148674329047
35.0,-4.0,0.6933333333333336,3.9535878339119,-0.0159711685654832,0.8666666666666667,36.61284391697893
35.0,-4.0,0.7066666666666669,3.965581676078348,-0.016102459474451217,0.8833333333333333,36.614394748382324
35.0,-4.0,0.7200000000000003,3.977868462579736,-0.01624128488443888,0.9,36.61616301362528
35.0,-4.0,0.7333333333333336,3.9904528153560195,-0.01638781747016094,0.9166666666666666,36.61823321474486
35.0,-4.0,0.7466666666666667,4.003336988209172,-0.016542341236547745,0.9333333333333333,36.620537310133784
35.0,-4.0,0.76,4.016523544496847,-0.01670539017415618,0.95,36.623126206328266
35.0,-4.0,0.7733333333333334,4.030015244132384,-0.01687754377327633,0.9666666666666667,36.62604114550459
35.0,-4.0,0.7866666666666667,4.043815547570872,-0.01705948103875588,0.9833333333333333,36.62931650526116
35.0,-4.0,0.8000000000000002,4.057928846034191,-0.017252004671046487,1.0,36.63298422637405
35.0,-4.0,0.8133333333333335,4.072360621369595,-0.017456060992801396,1.0166666666666666,36.637085307880795
35.0,-4.0,0.8266666666666669,4.087117647871847,-0.017672774723004995,1.0333333333333334,36.64167439933789
35.0,-4.0,0.8400000000000002,4.102208290573707,-0.017903509373339736,1.05,36.64675651084093
35.0,-4.0,0.8533333333333333,4.117642836977891,-0.018149931135768908,1.0666666666666667,36.65253276537436
35.0,-4.0,0.8666666666666666,4.133433601453548,-0.018414037325638514,1.0833333333333333,36.65884848073489
35.0,-4.0,0.88,4.1495965454778965,-0.01869852558685681,1.1,36.66582146220253
35.0,-4.0,0.8933333333333333,4.166151553999655,-0.01900685682697967,1.1166666666666667,36.6735512250749
35.0,-4.0,0.9066666666666666,4.183124531106987,-0.01934376066625632,1.1333333333333333,36.682156491550415
35.0,-4.0,0.91957658870511,4.199989996861964,-0.019703605422945584,1.1494707358813876,36.69150057368665
35.0,-4.0,0.9195765887053324,4.199999999473708,-0.019701972620632335,1.1494707358816656,36.69150057368665
35.0,-4.0,0.9313021537763763,4.199999998979083,-0.02133878973558646,1.1661374025480544,36.68096615359565
35.0,-4.0,0.9403754091423701,4.199999999775497,-0.02224957918882436,1.182804069214721,36.64497635493683
35.0,-4.0,0.9476343599904443,4.199999990789218,-0.022904097920194315,1.1994707358813876,36.59531977696895
35.0,-4.0,0.9535228234604755,4.20000000165634,-0.02341110254182518,1.2161374025480542,36.53815295568705
35.0,-4.0,0.9583401891126321,4.199999984028497,-0.02381753287923738,1.232804069214721,36.47718283153699
35.0,-4.0,0.9623046414608222,4.199999841095459,-0.024149429335219845,1.2494707358813877,36.414741469893954
35.0,-4.0,0.9655815853818074,4.1999999957420755,-0.024423846212761165,1.2661374025480543,36.35231781028989
35.0,-4.0,0.9682994584040813,4.199999994097472,-0.024653139829272686,1.282804069214721,36.29086196937692
35.0,-4.0,0.9705596635233987,4.199999998913611,-0.024846443734928208,1.2994707358813877,36.23097309433922
35.0,-4.0,0.9724432961405678,4.2,-0.025010789075831267,1.3161374025480543,36.17301544883702
35.0,-4.0,0.974015796166755,4.199999991946279,-0.025151592806779508,1.332804069214721,36.11719739856784
35.0,-4.0,0.9753304483965729,4.200000015748968,-0.02527304345549584,1.3494707358813876,36.06362395347401
35.0,-4.0,0.9764308999034238,4.200000035108725,-0.025378448986255006,1.3661374025480544,36.012334227002555
35.0,-4.0,0.9773529779358114,4.2000000154433295,-0.02547056433709284,1.382804069214721,35.963316812896096
35.0,-4.0,0.9773955883387813,4.200000000855731,-0.02547494980187378,1.3836523004930013,35.96088363154024
35.0,4.0,0.977395588338677,4.127694940706664,0.016483762237777148,1.3836523004932793,35.96088363154024
35.0,4.0,0.9640622550055661,4.095675360905653,0.020140817977998052,1.4003189671596679,36.01380305143152
35.0,4.0,0.9507289216722326,4.078192927485832,0.020253870692794166,1.4169856338263347,36.06132716718696
35.0,4.0,0.9373955883388992,4.062515800004713,0.02000226606973721,1.4336523004930013,36.10451330237805
35.0,4.0,0.9240622550055659,4.047502390168503,0.01966831065705366,1.450318967159668,36.14388702430193
35.0,4.0,0.9107289216722325,4.032832188860736,0.019329433858629844,1.4669856338263347,36.17984413538528
35.0,4.0,0.8973955883388992,4.0184110484041575,0.019006804076670217,1.4836523004930013,36.21271365742422
35.0,4.0,0.8840622550055659,4.004212431758954,0.018704977888674538,1.500318967159668,36.242780404388725
35.0,4.0,0.8707289216722326,3.9902328177633204,0.018423021331435478,1.5169856338263346,36.27029528208658
35.0,4.0,0.8573955883388992,3.9764726535255055,0.018159250139223707,1.5336523004930014,36.2954823086468
35.0,4.0,0.8440622550055659,3.9629324791927267,0.017912180138480508,1.550318967159668,36.31854331632553
35.0,4.0,0.8307289216722326,3.9496137030935596,0.01768031699905515,1.5669856338263346,36.339332512462306
35.0,4.0,0.8173955883388992,3.936519713668646,0.017461862994808345,1.5836523004930012,36.35861734143924
35.0,4.0,0.8040622550055658,3.9236514058555647,0.017255820887645993,1.600318967159668,36.37635515157967
35.0,4.0,0.7907289216722325,3.911010234911746,0.01706121632922886,1.6169856338263346,36.39267335580308
35.0,4.0,0.7773955883388992,3.8985977477961034,0.016877200816614594,1.6336523004930013,36.40766888330148
35.0,4.0,0.7640622550055659,3.8864157535356427,0.016702993972488204,1.6503189671596679,36.421545360474454
35.0,4.0,0.7507289216722325,3.8744655782907826,0.0165380514182949,1.6669856338263347,36.43418238957514
35.0,4.0,0.7373955883388994,3.8627491110225884,0.016381775180627226,1.6836523004930013,36.44576221640125
35.0,4.0,0.7240622550055661,3.851267783585415,0.016233711489857642,1.700318967159668,36.45635046270996
35.0,4.0,0.7107289216722327,3.8400217549380353,0.016093612419363804,1.7169856338263347,36.465833196378924
35.0,4.0,0.6973955883388994,3.8290097304719506,0.015961089482500305,1.7336523004930013,36.47468468389593
35.0,4.0,0.6840622550055661,3.8182208501762767,0.015836522657566635,1.750318967159668,36.48289225149233
35.0,4.0,0.6707289216722327,3.80762038456858,0.015721414664296555,1.7669856338263346,36.4905040885306
35.0,4.0,0.6573955883388993,3.797104567306935,0.01562054671715252,1.7836523004930014,36.49762225814635
35.0,4.0,0.644062255005566,3.786382429129473,0.015547101489835184,1.800318967159668,36.504200938324914
35.0,4.0,0.6307289216722327,3.7747361755633806,0.015528862339891262,1.8169856338263346,36.510302826882764
35.0,4.0,0.6173955883388994,3.7609228365466842,0.015585140382109123,1.8336523004930012,36.51601457984333
35.0,4.0,0.604062255005566,3.74455634916073,0.015616517888336071,1.850318967159668,36.52138652587763
35.0,4.0,0.5907289216722327,3.728369571845794,0.01546314014239403,1.8669856338263346,36.52645443872291
35.0,4.0,0.5773955883388994,3.715200255209182,0.015229966131440346,1.8836523004930013,36.53129639784936
35.0,4.0,0.5640622550055661,3.704754612784925,0.015059426475753538,1.9003189671596679,36.535944546739756
35.0,4.0,0.5507289216722326,3.6957795389904704,0.014952735475656124,1.9169856338263347,36.54044278499771
35.0,4.0,0.5373955883388993,3.6875324572582855,0.014879877314051385,1.9336523004930013,36.54482710584921
35.0,4.0,0.5240622550055661,3.679708294079946,0.014824060855645586,1.950318967159668,36.54915114168449
35.0,4.0,0.5107289216722327,3.6721952596269922,0.014778671823315274,1.9669856338263347,36.55342597126116
35.0,4.0,0.4973955883388994,3.6649529658335966,0.014741435189975397,1.9836523004930013,36.55770769189911
35.0,4.0,0.4840622550055661,3.657965449812738,0.014711732331643471,2.000318967159668,36.56199040688034
35.0,4.0,0.4707289216722328,3.6512247467438956,0.014689524962886561,2.0169856338263346,36.56634751785293
35.0,4.0,0.4573955883388995,3.64472515356465,0.014674982567312814,2.033652300493001,36.57079283338231
35.0,4.0,0.4440622550055662,3.6384609361596674,0.014668427162842893,2.0503189671596678,36.57536216248809
35.0,4.0,0.43072892167223253,3.6324258966758585,0.014670217855198512,2.066985633826335,36.5801032751977
35.0,4.0,0.4173955883388993,3.626612981468997,0.014680763042055681,2.0836523004930014,36.58506751126038
35.0,4.0,0.40406225500556586,3.62101399383487,0.01470055158063244,2.100318967159668,36.590224774669366
35.0,4.0,0.39072892167223255,3.6156197897080222,0.01473007307279484,2.1169856338263346,36.595697280298396
35.0,4.0,0.37739558833889925,3.6104195954826728,0.014769944714716158,2.1336523004930013,36.60145166728523
35.0,4.0,0.36406225500556594,3.605400748330415,0.014820880467737888,2.150318967159668,36.60747438768476
35.0,4.0,0.3507289216722327,3.6005475139009584,0.014883733895545984,2.1669856338263345,36.613935255785634
35.0,4.0,0.3373955883388994,3.595836818053289,0.01495985540182854,2.183652300493001,36.62081924777118
35.0,4.0,0.32406225500556574,3.59122749788648,0.015051772775663167,2.200318967159668,36.62806732570317
35.0,4.0,0.31072892167223254,3.5866320427218383,0.015164822827627992,2.2169856338263347,36.63577231275934
35.0,4.0,0.29739558833889923,3.5818556389623533,0.015309846429643618,2.2336523004930013,36.6439557252466
35.0,4.0,0.2840622550055659,3.5765572332686393,0.015497715984126862,2.250318967159668,36.65271007512803
35.0,4.0,0.2707289216722326,3.5705137853087905,0.015708452523949038,2.2669856338263346,36.662091159125794
35.0,4.0,0.2573955883388993,3.563882393871212,0.015929906555076315,2.283652300493001,36.672157301498316
35.0,4.0,0.244062255005566,3.5555500501310595,0.016327590714347976,2.3003189671596678,36.68297421632076
35.0,4.0,0.2307289216722327,3.5435402525722774,0.016803656201983545,2.3169856338263344,36.69468057868522
35.0,4.0,0.21739558833889938,3.5323805645406687,0.01683157167673022,2.333652300493001,36.70723421376982
35.0,4.0,0.2040622550055663,3.5228191827755886,0.017104376357296117,2.3503189671596676,36.72080742317172
35.0,4.0,0.190728921672233,3.510625041830678,0.01767130807047024,2.366985633826334,36.73548886402364
35.0,4.0,0.17739558833889935,3.4971059327822878,0.018010578702575167,2.3836523004930013,36.75146827507069
35.0,4.0,0.16406225500556604,3.483886668713736,0.018410325370063266,2.400318967159668,36.76882024368945
35.0,4.0,0.15072892167223273,3.469768331818436,0.01886782002677279,2.4169856338263345,36.78780232694049
35.0,4.0,0.13739558833889942,3.4580357796584233,0.019026052575074618,2.433652300493001,36.808481694109844
35.0,4.0,0.12406225500556611,3.4494738157995433,0.019322599705434377,2.4503189671596677,36.83105327355486
35.0,4.0,0.1107289216722328,3.4418098601673166,0.019889307236239166,2.4669856338263343,36.85621796122007
35.0,4.0,0.09739558833889961,3.4334233706650448,0.020669524292255884,2.483652300493001,36.883879967114524
35.0,4.0,0.0840622550055663,3.423045432116199,0.02169280696581755,2.5003189671596675,36.91491017134473
35.0,4.0,0.07072892167223266,3.4086932802276184,0.02310552609738437,2.5169856338263346,36.949983021540106
35.0,4.0,0.05739558833889935,3.386258692859582,0.02524688560950162,2.533652300493001,36.99030639376139
35.0,4.0,0.04406225500556604,3.3467045067099788,0.028870623850681072,2.5503189671596678,37.03774172389279
35.0,4.0,0.030728921672232734,3.269778916148733,0.035686368967914,2.5669856338263344,37.095224921635975
35.0,4.0,0.017395588338899426,3.1092985738693235,0.049742210944518375,2.583652300493001,37.167152523566244
35.0,4.0,0.012027501894537052,3.000011621922941,0.05943798571351756,2.590362408548454,37.20331087027188
